<?xml version="1.0" encoding="UTF-8"?>
<beans xmlns="http://www.springframework.org/schema/beans"
    xmlns:xsi="http://www.w3.org/2001/XMLSchema-instance"
    xmlns:mvc="http://www.springframework.org/schema/mvc"
    xmlns:context="http://www.springframework.org/schema/context"
    xsi:schemaLocation="
    	http://www.springframework.org/schema/mvc
        http://www.springframework.org/schema/mvc/spring-mvc-3.2.xsd
        http://www.springframework.org/schema/beans
        http://www.springframework.org/schema/beans/spring-beans.xsd
        http://www.springframework.org/schema/context
        http://www.springframework.org/schema/context/spring-context.xsd">
	<!--扫描控制器  (扫描控制器所在的包)-->
	<context:component-scan 
		base-package="cn.smbms.service,cn.smbms.controller"/>
	<!--开启注解扫描  -->
	<mvc:annotation-driven/>
	<!--视图解析器  -->
	<bean  class="org.springframework.web.servlet.view.InternalResourceViewResolver">
		<property name="prefix" value="/WEB-INF/jsp/"/>
		<property name="suffix" value=".jsp"/>
	</bean>
	<!--多视图解析器  -->
	<!--静态资源引用  -->
	<mvc:resources location="/css/" mapping="/css/**"/>
	<mvc:resources location="/images/" mapping="/images/**"/>
	<mvc:resources location="/calendar/" mapping="/calendar/**"/>
	<mvc:resources location="/js/" mapping="/js/**"/>
	<!--全局异常处理  -->
	<!--json的格式处理  -->
	<!--文件上传  -->
	<!--日期转换  -->
		<mvc:annotation-driven>
	 	<mvc:message-converters>
	 		<bean class="org.springframework.http.converter.StringHttpMessageConverter">
	 			<property name="supportedMediaTypes">
	 				<list>
	 					<value>application/json;charset=UTF-8</value>
	 				</list>
	 			</property>
	 		</bean> 
	 		<bean class="com.alibaba.fastjson.support.spring.FastJsonHttpMessageConverter">
	 			<property name="supportedMediaTypes">
	 				<list>
	 					<value>text/html;charset=UTF-8</value>
	 					<value>application/json</value>
	 				</list>
	 			</property>
	 			<property name="features">
	 				<list>
	 				 <!--   Date的日期转换器 -->
					  <value>WriteDateUseDateFormat</value>
					</list>
				</property>
			</bean>
		</mvc:message-converters>
	</mvc:annotation-driven>
	<!--拦截器interceptor  -->
</beans>